"Status","Start Time","Stop Time","Duration in ms","Parent Suite","Suite","Sub Suite","Test Class","Test Method","Name","Description"
"passed","Tue Oct 06 16:38:39 UTC 2026","Tue Oct 06 16:38:46 UTC 2026","7007","","ru.maximlabin.disk.tests.ResourcesGetTest","","ru.maximlabin.disk.tests.ResourcesGetTest","limit ограничивает число вложенных элементов","limit ограничивает число вложенных элементов()",""
"passed","Tue Oct 06 16:38:34 UTC 2026","Tue Oct 06 16:38:36 UTC 2026","2517","","ru.maximlabin.disk.tests.ResourcesGetTest","","ru.maximlabin.disk.tests.ResourcesGetTest","несуществующий путь возвращает 404","несуществующий путь возвращает 404()",""
"passed","Tue Oct 06 16:38:46 UTC 2026","Tue Oct 06 16:38:49 UTC 2026","2631","","ru.maximlabin.disk.tests.ResourcesGetTest","","ru.maximlabin.disk.tests.ResourcesGetTest","пустой путь возвращает 400","пустой путь возвращает 400()",""
"passed","Tue Oct 06 16:38:28 UTC 2026","Tue Oct 06 16:38:34 UTC 2026","5706","","ru.maximlabin.disk.tests.ResourcesGetTest","","ru.maximlabin.disk.tests.ResourcesGetTest","метаданные файла содержат md5 и размер","метаданные файла содержат md5 и размер()",""
"passed","Tue Oct 06 16:38:04 UTC 2026","Tue Oct 06 16:38:10 UTC 2026","5646","","ru.maximlabin.disk.tests.DeleteResourceTest","","ru.maximlabin.disk.tests.DeleteResourceTest","файл удаляется в корзину","файл удаляется в корзину()",""
"passed","Tue Oct 06 16:37:37 UTC 2026","Tue Oct 06 16:37:41 UTC 2026","3882","","ru.maximlabin.disk.tests.CreateFolderPutTest","","ru.maximlabin.disk.tests.CreateFolderPutTest","создаёт папку и она появляется на Диске","создаёт папку и она появляется на Диске()",""
"passed","Tue Oct 06 16:38:11 UTC 2026","Tue Oct 06 16:38:11 UTC 2026","342","","ru.maximlabin.disk.tests.DiskInfoGetTest","","ru.maximlabin.disk.tests.DiskInfoGetTest","фильтр fields возвращает только запрошенные поля","фильтр fields возвращает только запрошенные поля()",""
"passed","Tue Oct 06 16:39:17 UTC 2026","Tue Oct 06 16:39:20 UTC 2026","3620","","ru.maximlabin.disk.tests.UploadFilePutTest","","ru.maximlabin.disk.tests.UploadFilePutTest","ссылка на загрузку без токена возвращает 401","ссылка на загрузку без токена возвращает 401()",""
"passed","Tue Oct 06 16:37:16 UTC 2026","Tue Oct 06 16:37:25 UTC 2026","8871","","ru.maximlabin.disk.tests.CopyMovePostTest","","ru.maximlabin.disk.tests.CopyMovePostTest","копирование поверх существующего без overwrite возвращает 409","копирование поверх существующего без overwrite возвращает 409()",""
"passed","Tue Oct 06 16:39:01 UTC 2026","Tue Oct 06 16:39:10 UTC 2026","9145","","ru.maximlabin.disk.tests.UploadFilePutTest","","ru.maximlabin.disk.tests.UploadFilePutTest","overwrite true заменяет содержимое","overwrite true заменяет содержимое()",""
"passed","Tue Oct 06 16:38:11 UTC 2026","Tue Oct 06 16:38:18 UTC 2026","6954","","ru.maximlabin.disk.tests.PublishPutTest","","ru.maximlabin.disk.tests.PublishPutTest","unpublish снимает публикацию","unpublish снимает публикацию()",""
"passed","Tue Oct 06 16:38:54 UTC 2026","Tue Oct 06 16:39:01 UTC 2026","7442","","ru.maximlabin.disk.tests.UploadFilePutTest","","ru.maximlabin.disk.tests.UploadFilePutTest","скачанный файл идентичен загруженному","скачанный файл идентичен загруженному()",""
"passed","Tue Oct 06 16:37:32 UTC 2026","Tue Oct 06 16:37:34 UTC 2026","2220","","ru.maximlabin.disk.tests.CreateFolderPutTest","","ru.maximlabin.disk.tests.CreateFolderPutTest","без токена возвращает 401","без токена возвращает 401()",""
"passed","Tue Oct 06 16:38:10 UTC 2026","Tue Oct 06 16:38:10 UTC 2026","210","","ru.maximlabin.disk.tests.DiskInfoGetTest","","ru.maximlabin.disk.tests.DiskInfoGetTest","без токена возвращает 401","без токена возвращает 401()",""
"passed","Tue Oct 06 16:37:48 UTC 2026","Tue Oct 06 16:37:53 UTC 2026","5395","","ru.maximlabin.disk.tests.DeleteResourceTest","","ru.maximlabin.disk.tests.DeleteResourceTest","permanently true удаляет мимо корзины","permanently true удаляет мимо корзины()",""
"passed","Tue Oct 06 16:37:56 UTC 2026","Tue Oct 06 16:38:04 UTC 2026","8563","","ru.maximlabin.disk.tests.DeleteResourceTest","","ru.maximlabin.disk.tests.DeleteResourceTest","удаление непустой папки удаляет вложенные файлы","удаление непустой папки удаляет вложенные файлы()",""
"passed","Tue Oct 06 16:36:54 UTC 2026","Tue Oct 06 16:37:03 UTC 2026","8705","","ru.maximlabin.disk.tests.CopyMovePostTest","","ru.maximlabin.disk.tests.CopyMovePostTest","копирование файла создаёт копию, оригинал остаётся","копирование файла создаёт копию, оригинал остаётся()",""
"passed","Tue Oct 06 16:38:49 UTC 2026","Tue Oct 06 16:38:54 UTC 2026","5107","","ru.maximlabin.disk.tests.UploadFilePutTest","","ru.maximlabin.disk.tests.UploadFilePutTest","загруженный файл совпадает по размеру и md5","загруженный файл совпадает по размеру и md5()",""
"passed","Tue Oct 06 16:37:41 UTC 2026","Tue Oct 06 16:37:45 UTC 2026","4174","","ru.maximlabin.disk.tests.CreateFolderPutTest","","ru.maximlabin.disk.tests.CreateFolderPutTest","повторное создание возвращает 409","повторное создание возвращает 409()",""
"passed","Tue Oct 06 16:38:18 UTC 2026","Tue Oct 06 16:38:26 UTC 2026","7594","","ru.maximlabin.disk.tests.PublishPutTest","","ru.maximlabin.disk.tests.PublishPutTest","публикация даёт public_url и public_key","публикация даёт public_url и public_key()",""
"passed","Tue Oct 06 16:39:10 UTC 2026","Tue Oct 06 16:39:17 UTC 2026","6450","","ru.maximlabin.disk.tests.UploadFilePutTest","","ru.maximlabin.disk.tests.UploadFilePutTest","загрузка без overwrite поверх существующего файла возвращает 409","загрузка без overwrite поверх существующего файла возвращает 409()",""
"passed","Tue Oct 06 16:37:03 UTC 2026","Tue Oct 06 16:37:12 UTC 2026","8925","","ru.maximlabin.disk.tests.CopyMovePostTest","","ru.maximlabin.disk.tests.CopyMovePostTest","копирование папки переносит вложенный файл","копирование папки переносит вложенный файл()",""
"passed","Tue Oct 06 16:38:10 UTC 2026","Tue Oct 06 16:38:11 UTC 2026","214","","ru.maximlabin.disk.tests.DiskInfoGetTest","","ru.maximlabin.disk.tests.DiskInfoGetTest","с невалидным токеном возвращает 401","с невалидным токеном возвращает 401()",""
"passed","Tue Oct 06 16:37:53 UTC 2026","Tue Oct 06 16:37:56 UTC 2026","2573","","ru.maximlabin.disk.tests.DeleteResourceTest","","ru.maximlabin.disk.tests.DeleteResourceTest","удаление без токена возвращает 401","удаление без токена возвращает 401()",""
"passed","Tue Oct 06 16:38:26 UTC 2026","Tue Oct 06 16:38:28 UTC 2026","2355","","ru.maximlabin.disk.tests.PublishPutTest","","ru.maximlabin.disk.tests.PublishPutTest","публикация несуществующего ресурса возвращает 404","публикация несуществующего ресурса возвращает 404()",""
"passed","Tue Oct 06 16:37:45 UTC 2026","Tue Oct 06 16:37:48 UTC 2026","2745","","ru.maximlabin.disk.tests.DeleteResourceTest","","ru.maximlabin.disk.tests.DeleteResourceTest","удаление несуществующего ресурса возвращает 404","удаление несуществующего ресурса возвращает 404()",""
"passed","Tue Oct 06 16:38:10 UTC 2026","Tue Oct 06 16:38:10 UTC 2026","293","","ru.maximlabin.disk.tests.DiskInfoGetTest","","ru.maximlabin.disk.tests.DiskInfoGetTest","возвращает квоту Диска","возвращает квоту Диска()",""
"passed","Tue Oct 06 16:37:25 UTC 2026","Tue Oct 06 16:37:32 UTC 2026","6988","","ru.maximlabin.disk.tests.CopyMovePostTest","","ru.maximlabin.disk.tests.CopyMovePostTest","перемещение убирает файл из старого места","перемещение убирает файл из старого места()",""
"passed","Tue Oct 06 16:38:36 UTC 2026","Tue Oct 06 16:38:39 UTC 2026","2851","","ru.maximlabin.disk.tests.ResourcesGetTest","","ru.maximlabin.disk.tests.ResourcesGetTest","метаданные папки содержат тип dir и путь","метаданные папки содержат тип dir и путь()",""
"passed","Tue Oct 06 16:37:14 UTC 2026","Tue Oct 06 16:37:16 UTC 2026","2111","","ru.maximlabin.disk.tests.CopyMovePostTest","","ru.maximlabin.disk.tests.CopyMovePostTest","перемещение без токена возвращает 401","перемещение без токена возвращает 401()",""
"passed","Tue Oct 06 16:37:34 UTC 2026","Tue Oct 06 16:37:37 UTC 2026","2564","","ru.maximlabin.disk.tests.CreateFolderPutTest","","ru.maximlabin.disk.tests.CreateFolderPutTest","создание в несуществующем родителе возвращает 409","создание в несуществующем родителе возвращает 409()",""
"passed","Tue Oct 06 16:37:12 UTC 2026","Tue Oct 06 16:37:14 UTC 2026","2124","","ru.maximlabin.disk.tests.CopyMovePostTest","","ru.maximlabin.disk.tests.CopyMovePostTest","копирование несуществующего источника возвращает 404","копирование несуществующего источника возвращает 404()",""
